{"type":"footer","name":"Footer group","sections":{"text-with-icons":{"type":"text-with-icons","blocks":{"free-shipping":{"type":"item","settings":{"icon":"picto-box","mobile_icon_width":24,"icon_width":24,"icon_background_type":"none","icon_background":"","icon_color":"","title":"Livraison gratuite","content":"<p>Nous vous livrons partout dans le monde, sans minimum d'achat<\/p>"}},"customer-support":{"type":"item","settings":{"icon":"picto-customer-support","mobile_icon_width":24,"icon_width":24,"icon_background_type":"none","icon_background":"","icon_color":"","title":"Service client 7\/7","content":"<p>Nos équipes sont là pour répondre à vos questions du lundi au dimanche de 08h à 20h<\/p>"}},"payment":{"type":"item","settings":{"icon":"picto-lock","mobile_icon_width":24,"icon_width":24,"icon_background_type":"none","icon_background":"","icon_color":"","title":"Paiement sécurisés","content":"<p>Nous vous garantissons un paiement sécurisé grâce à nos partenaires. <\/p>"}}},"block_order":["free-shipping","customer-support","payment"],"settings":{"full_width":true,"stack_on_mobile":false,"title":"","heading_tag":"h6","text_alignment":"center","icon_spacing":"small","background":"","background_gradient":"","text_color":""}},"footer":{"type":"footer","blocks":{"newsletter":{"type":"newsletter","settings":{"image_width":150,"heading_size":"h3","title":"Inscrivez-vous à notre newsletters","content":""}},"links":{"type":"links","settings":{"menu":"footer","show_menu_title":true}}},"block_order":["newsletter","links"],"settings":{"show_social_media":true,"show_payment_icons":true,"show_country_selector":true,"show_country_flag":true,"show_country_name":true,"show_locale_selector":true}}},"order":["text-with-icons","footer"]}